test,metric_name,control_sessions,test_sessions,control_conversions,test_conversions,control_cr,test_cr,uplift,p_value,statistical_significance
Interface Test,add_payment_info / session,7423,8423,1635,1677,0.22026134985854776,0.19909770865487356,-0.0960842254769869,0.001077320161856808,Significant
Interface Test,add_shipping_info / session,7423,8423,2075,2420,0.2795365755085545,0.2873085598955242,0.027803103664807708,0.27880343174798505,Not Significant
Interface Test,begin_checkout / session,7423,8423,2992,3262,0.4030715344200458,0.38727294313190075,-0.03919550238365662,0.04232245344546471,Significant
Interface Test,new_accounts / session,7423,8423,613,661,0.08258116664421393,0.07847560251691796,-0.04971550165892006,0.34290368243450375,Not Significant
Price Test,add_payment_info / session,6850,8874,1394,1891,0.2035036496350365,0.2130944331755691,0.047128312232889664,0.14242193870821898,Not Significant
Price Test,add_shipping_info / session,6850,8874,2143,2699,0.31284671532846714,0.3041469461347758,-0.027808408295280376,0.24130553549026956,Not Significant
Price Test,begin_checkout / session,6850,8874,2742,3444,0.4002919708029197,0.3881000676132522,-0.030457526203217514,0.12071978737724257,Not Significant
Price Test,new_accounts / session,6850,8874,824,958,0.12029197080291971,0.10795582600856435,-0.10255168912783283,0.015536157742405054,Significant
